ID,Type,SKU,Name,Published,Is featured?,Visibility in catalog,Short description,Description,Date sale price starts,Date sale price ends,Tax status,Tax class,In stock?,Stock,Low stock amount,Backorders allowed?,Sold individually?,Weight (kg),Length (cm),Width (cm),Height (cm),Allow customer reviews?,Purchase note,Sale price,Regular price,Categories,Tags,Shipping class,Images,Download limit,Download expiry days,Parent,Grouped products,Upsells,Cross-sells,External URL,Button text,Position,Meta: site-sidebar-layout,Meta: site-content-layout,Meta: theme-transparent-header-meta,Meta: _yoast_wpseo_content_score,Meta: _wxr_import_user_slug,Meta: _astra_sites_imported_post,Meta: _uag_css_file_name,Meta: _astra_sites_enable_for_batch,Meta: _yoast_wpseo_primary_product_cat,Meta: yikes_woo_products_tabs
,simple,JDWE2302008,Maroubra Beach Stub,1,0,visible,"Elevate your style effortlessly with our Geometric Jewelry collection, featuring a stunning pair of 18K Real Gold Plated Stainless Steel Simple Round Ball Stud Earrings. These minimalist yet chic earrings are the perfect accessory for any occasion, blending elegance with modernity in a timeless design.

Crafted with precision and attention to detail, these gold plated earrings are a must-have for women who appreciate sophistication and simplicity in their jewelry. The 18K real gold plating adds a touch of luxury and elegance to the earrings, ensuring they will remain a staple in your wardrobe for years to come.

The simple round ball stud design makes these earrings versatile and easy to pair with any outfit, whether it's for a casual day out or a special evening event. The size of the earrings is just right, making them comfortable to wear all day long without sacrificing style.

Whether you're looking for the perfect gold plated earrings for yourself or searching for a thoughtful gift for a loved one, these stud earrings are sure to impress. They come in a beautiful gift box, ready to be presented to that special someone.

Upgrade your jewelry collection with our Geometric Jewelry range and shop these gold plated stud earrings today. Make a statement with these elegant and minimalist earrings, perfect for adding a touch of sophistication to any look. View our full collection and find the ideal piece to complement your style.","Elevate your style effortlessly with our Geometric Jewelry collection, featuring a stunning pair of 18K Real Gold Plated Stainless Steel Simple Round Ball Stud Earrings. These minimalist yet chic earrings are the perfect accessory for any occasion, blending elegance with modernity in a timeless design.

Crafted with precision and attention to detail, these gold plated earrings are a must-have for women who appreciate sophistication and simplicity in their jewelry. The 18K real gold plating adds a touch of luxury and elegance to the earrings, ensuring they will remain a staple in your wardrobe for years to come.

The simple round ball stud design makes these earrings versatile and easy to pair with any outfit, whether it's for a casual day out or a special evening event. The size of the earrings is just right, making them comfortable to wear all day long without sacrificing style.

Whether you're looking for the perfect gold plated earrings for yourself or searching for a thoughtful gift for a loved one, these stud earrings are sure to impress. They come in a beautiful gift box, ready to be presented to that special someone.

Upgrade your jewelry collection with our Geometric Jewelry range and shop these gold plated stud earrings today. Make a statement with these elegant and minimalist earrings, perfect for adding a touch of sophistication to any look. View our full collection and find the ideal piece to complement your style.",,,taxable,1,1,5,0,0,0,,,,,1,,,24.00,Gold Plated Earring,,,"https://static.wixstatic.com/media/438f18_604b529b363045ddbbb8593ce7789295~mv2.jpg,https://static.wixstatic.com/media/438f18_4b1ba9c8845e494c8d99514d15e8f97b~mv2.jpg,https://static.wixstatic.com/media/438f18_470ab22a64ad4f9cad9b55fd27f85200~mv2.jpg",,,,,,,,,0,default,default,default,30,ramak,1,,1,,"a:1:{i:0;a:3:{s:5:""title"";s:10:""Custom tab"";s:2:""id"";s:10:""custom-tab"";s:7:""content"";s:10:""<p>tab</p>"";}}"
,simple,JDBW2303023,Clovelly Beach Bracelet,1,0,visible,"Elevate your style with the Clovelly Beach Bracelet, a stunning piece from our Ocean Collection. Crafted from high-quality stainless steel, this bracelet features a sleek Fishbone design that exudes understated sophistication. The minimalist aesthetic of this piece makes it perfect for any occasion, whether you're heading to a casual lunch or a formal event.

The Clovelly Beach Bracelet is not only stylish but also practical. It is hypoallergenic, making it suitable for sensitive skin, and waterproof, ensuring it can withstand everyday wear. Additionally, this bracelet is free from nickel and tarnish, so you can enjoy its beauty for years to come without worrying about it losing its shine.

This timeless piece is versatile and can be easily paired with other accessories to create a personalized look. Whether you wear it on its own for a subtle touch of elegance or stack it with other bracelets for a bolder statement, the Clovelly Beach Bracelet is sure to become a staple in your jewelry collection.

If you're looking for the perfect gift for a loved one or simply want to treat yourself, the Clovelly Beach Bracelet is an excellent choice. Its unique design and high-quality construction make it a standout piece that will be cherished for years to come.

Experience the beauty and sophistication of the Clovelly Beach Bracelet today. Shop now and add this exquisite piece to your collection.","Elevate your style with the Clovelly Beach Bracelet, a stunning piece from our Ocean Collection. Crafted from high-quality stainless steel, this bracelet features a sleek Fishbone design that exudes understated sophistication. The minimalist aesthetic of this piece makes it perfect for any occasion, whether you're heading to a casual lunch or a formal event.

The Clovelly Beach Bracelet is not only stylish but also practical. It is hypoallergenic, making it suitable for sensitive skin, and waterproof, ensuring it can withstand everyday wear. Additionally, this bracelet is free from nickel and tarnish, so you can enjoy its beauty for years to come without worrying about it losing its shine.

This timeless piece is versatile and can be easily paired with other accessories to create a personalized look. Whether you wear it on its own for a subtle touch of elegance or stack it with other bracelets for a bolder statement, the Clovelly Beach Bracelet is sure to become a staple in your jewelry collection.

If you're looking for the perfect gift for a loved one or simply want to treat yourself, the Clovelly Beach Bracelet is an excellent choice. Its unique design and high-quality construction make it a standout piece that will be cherished for years to come.

Experience the beauty and sophistication of the Clovelly Beach Bracelet today. Shop now and add this exquisite piece to your collection.",,,taxable,1,1,5,0,0,0,,,,,1,,,35.00,Gold Plated Bracelet,,,"https://static.wixstatic.com/media/438f18_42737efe085045109262ea3b8aee78da~mv2.jpg,https://static.wixstatic.com/media/438f18_6b0322d9f32f417bbdfbb9c6efdb8343~mv2.jpg",,,,,,,,,0,default,default,default,30,ramak,1,,1,,"a:1:{i:0;a:3:{s:5:""title"";s:10:""Custom tab"";s:2:""id"";s:10:""custom-tab"";s:7:""content"";s:10:""<p>tab</p>"";}}"
,simple,JDEW2307071,Clovelly Beach Shell Earrings,1,0,visible,"Elevate your style with the Clovelly Beach Shell Earring from our Ocean Collection. This stunning piece of jewelry is a stainless steel masterpiece plated in 18K gold, perfect for adding a touch of opulence to any outfit. The delicate shell design embodies the essence of Sydney's pristine beaches, bringing a piece of coastal beauty wherever you go.

Not only is this earring stylish, but it is also functional. The hypoallergenic and nickel-free materials ensure that even those with sensitive skin can wear it comfortably. Plus, its waterproof construction means you can enjoy the beach or pool without worrying about damaging your jewelry.

Whether you're looking for a statement piece to wear to a special event or simply want to add a touch of elegance to your everyday look, the Clovelly Beach Shell Earring is the perfect choice. Its versatile design pairs beautifully with both casual and formal attire, making it a must-have accessory for any jewelry collection.

Add a touch of luxury to your jewelry box with this gold plated earring. Shop now to elevate your style and embrace the beauty of the ocean with the Clovelly Beach Shell Earring.","Elevate your style with the Clovelly Beach Shell Earring from our Ocean Collection. This stunning piece of jewelry is a stainless steel masterpiece plated in 18K gold, perfect for adding a touch of opulence to any outfit. The delicate shell design embodies the essence of Sydney's pristine beaches, bringing a piece of coastal beauty wherever you go.

Not only is this earring stylish, but it is also functional. The hypoallergenic and nickel-free materials ensure that even those with sensitive skin can wear it comfortably. Plus, its waterproof construction means you can enjoy the beach or pool without worrying about damaging your jewelry.

Whether you're looking for a statement piece to wear to a special event or simply want to add a touch of elegance to your everyday look, the Clovelly Beach Shell Earring is the perfect choice. Its versatile design pairs beautifully with both casual and formal attire, making it a must-have accessory for any jewelry collection.

Add a touch of luxury to your jewelry box with this gold plated earring. Shop now to elevate your style and embrace the beauty of the ocean with the Clovelly Beach Shell Earring.",,,taxable,1,1,5,0,0,0,,,,,1,,,35.00,Gold Plated Earring,,,"https://static.wixstatic.com/media/438f18_d53682c6831242c9818e73b6672370af~mv2.jpg,https://static.wixstatic.com/media/438f18_a97cec85d2ce4d7fa47f5ee87b5e4fdb~mv2.jpg,https://static.wixstatic.com/media/438f18_6e0613051207457a9c1812a93c0fe030~mv2.jpg",,,,,,,,,0,default,default,default,30,ramak,1,,1,,"a:1:{i:0;a:3:{s:5:""title"";s:10:""Custom tab"";s:2:""id"";s:10:""custom-tab"";s:7:""content"";s:10:""<p>tab</p>"";}}"
,simple,JDWE2303025-20,Circle Twist Elegance,1,0,visible,"Elevate your style with our Waterproof 18K Gold Plated Stainless Steel Jewelry. The Big Twist Circle Geometric Hoop Earrings for Women are the perfect addition to any outfit, offering a touch of sophistication and contemporary flair. These earrings are not only fashionable but also durable, making them ideal for everyday wear or special occasions.

Crafted with high-quality materials, these gold plated earrings are designed to last, ensuring that you can enjoy them for years to come. The unique twist circle design adds a modern touch to any look, making these earrings a versatile accessory that can be dressed up or down. Whether you're heading to the office or a night out on the town, these earrings are sure to make a statement.

The gold plating on these earrings adds a luxurious touch, giving you the look of real gold without the high price tag. With their timeless design and durable construction, these earrings are the perfect addition to any jewelry collection. Whether you're treating yourself or shopping for a special gift, these earrings are sure to be a hit.

Pair these hoop earrings with a matching gold plated necklace or bracelet for a coordinated look, or mix and match with other pieces from our collection for a unique style all your own. Shop now to view our full range of gold plated jewelry and find the perfect pieces to complement your wardrobe. Embrace sophistication and style with our Waterproof 18K Gold Plated Stainless Steel Jewelry.","Elevate your style with our Waterproof 18K Gold Plated Stainless Steel Jewelry. The Big Twist Circle Geometric Hoop Earrings for Women are the perfect addition to any outfit, offering a touch of sophistication and contemporary flair. These earrings are not only fashionable but also durable, making them ideal for everyday wear or special occasions.

Crafted with high-quality materials, these gold plated earrings are designed to last, ensuring that you can enjoy them for years to come. The unique twist circle design adds a modern touch to any look, making these earrings a versatile accessory that can be dressed up or down. Whether you're heading to the office or a night out on the town, these earrings are sure to make a statement.

The gold plating on these earrings adds a luxurious touch, giving you the look of real gold without the high price tag. With their timeless design and durable construction, these earrings are the perfect addition to any jewelry collection. Whether you're treating yourself or shopping for a special gift, these earrings are sure to be a hit.

Pair these hoop earrings with a matching gold plated necklace or bracelet for a coordinated look, or mix and match with other pieces from our collection for a unique style all your own. Shop now to view our full range of gold plated jewelry and find the perfect pieces to complement your wardrobe. Embrace sophistication and style with our Waterproof 18K Gold Plated Stainless Steel Jewelry.",,,taxable,1,1,4,0,0,0,,,,,1,,,35.00,Gold Plated Earring,,,"https://static.wixstatic.com/media/438f18_fc90193b51d548b5b36b0129c9b02033~mv2.jpg,https://static.wixstatic.com/media/438f18_b922223d4b4e4ae598180206d69f464a~mv2.jpg,https://static.wixstatic.com/media/438f18_f3a3396ffffc43298f2f9c02a754b4b7~mv2.png",,,,,,,,,0,default,default,default,30,ramak,1,,1,,"a:1:{i:0;a:3:{s:5:""title"";s:10:""Custom tab"";s:2:""id"";s:10:""custom-tab"";s:7:""content"";s:10:""<p>tab</p>"";}}"
,simple,E453,Elze's Ethereal Baroque Pearls,1,0,visible,"Introducing the stunning Baroque Pearl Delight earrings, a true masterpiece in the world of gold-plated jewelry. Crafted from real gold-plated brass, these earrings feature lustrous freshwater pearls that exude opulence and elegance. The Korean-inspired design adds a touch of modern flair to the classic Baroque pearls, creating a timeless and chic look that is perfect for any occasion.

The Baroque Pearl Delight earrings are the perfect accessory for fashion-forward women who appreciate the fusion of traditional and contemporary styles. Whether you're dressing up for a special event or simply want to elevate your everyday look, these earrings are sure to make a statement.

With their intricate design and high-quality materials, the Baroque Pearl Delight earrings are a must-have addition to any jewelry collection. The gold plating adds a luxurious touch, while the freshwater pearls bring a touch of sophistication to any outfit. These earrings are versatile enough to be paired with both casual and formal attire, making them a versatile and stylish accessory for any woman.

For the perfect gold-plated accessory that combines elegance and style, look no further than the Baroque Pearl Delight earrings. Treat yourself or a loved one to these beautiful earrings, and add a touch of luxury to any outfit. Shop now to view our full range of gold-plated jewelry and find the right piece for you.","Introducing the stunning Baroque Pearl Delight earrings, a true masterpiece in the world of gold-plated jewelry. Crafted from real gold-plated brass, these earrings feature lustrous freshwater pearls that exude opulence and elegance. The Korean-inspired design adds a touch of modern flair to the classic Baroque pearls, creating a timeless and chic look that is perfect for any occasion.

The Baroque Pearl Delight earrings are the perfect accessory for fashion-forward women who appreciate the fusion of traditional and contemporary styles. Whether you're dressing up for a special event or simply want to elevate your everyday look, these earrings are sure to make a statement.

With their intricate design and high-quality materials, the Baroque Pearl Delight earrings are a must-have addition to any jewelry collection. The gold plating adds a luxurious touch, while the freshwater pearls bring a touch of sophistication to any outfit. These earrings are versatile enough to be paired with both casual and formal attire, making them a versatile and stylish accessory for any woman.

For the perfect gold-plated accessory that combines elegance and style, look no further than the Baroque Pearl Delight earrings. Treat yourself or a loved one to these beautiful earrings, and add a touch of luxury to any outfit. Shop now to view our full range of gold-plated jewelry and find the right piece for you.",,,taxable,1,1,4,0,0,0,,,,,1,,,39.00,Gold Plated Earring,,,"https://static.wixstatic.com/media/438f18_0074aacb988c45b0b88732e8f8a0beeb~mv2.jpg,https://static.wixstatic.com/media/438f18_93dc18cc78894db99e6f138f6b93426d~mv2.jpg,https://static.wixstatic.com/media/438f18_83988fe5e5e649adbe26ae9fe0172f43~mv2.jpg",,,,,,,,,0,default,default,default,30,ramak,1,,1,,"a:1:{i:0;a:3:{s:5:""title"";s:10:""Custom tab"";s:2:""id"";s:10:""custom-tab"";s:7:""content"";s:10:""<p>tab</p>"";}}"
,simple,JDWE2301017,Coogee Beach Hoops,1,0,visible,"Indulge in the beauty of the sea with our Coogee Beach Hoops with Starfish Pendant, a stunning piece from our Ocean Collection. These elegant hoop earrings feature a delicate starfish pendant, adding a touch of timeless charm to your look. Crafted from stainless steel and plated in 18K gold, these earrings are not only hypoallergenic but also waterproof and nickel-free, ensuring durability and longevity.

Our gold plated earrings are the perfect addition to any jewelry collection, offering a versatile and sophisticated style that can be dressed up or down. The minimalist design of these hoops with a starfish pendant captures the essence of the ocean, making them a must-have accessory for any ocean lover or beach enthusiast.

Whether you're heading to the beach for a day of relaxation or dressing up for a special occasion, these gold plated earrings will elevate your look with their understated elegance. Pair them with a matching gold plated necklace or bracelet from our collection for a coordinated and chic ensemble.

At our online store, you can shop our full range of gold plated jewelry, including necklaces, bracelets, rings, and more. Our pieces are expertly crafted with attention to detail and quality, ensuring that you receive a beautiful and durable piece of jewelry that will last a lifetime.

Treat yourself or a loved one to the gift of gold plated jewelry, the perfect way to show someone you care. With our easy-to-use size guide, you can ensure you choose the right fit for any occasion. Don't miss out on our sale items and special offers – view our collection today and find the perfect piece to add to your jewelry collection.","Indulge in the beauty of the sea with our Coogee Beach Hoops with Starfish Pendant, a stunning piece from our Ocean Collection. These elegant hoop earrings feature a delicate starfish pendant, adding a touch of timeless charm to your look. Crafted from stainless steel and plated in 18K gold, these earrings are not only hypoallergenic but also waterproof and nickel-free, ensuring durability and longevity.

Our gold plated earrings are the perfect addition to any jewelry collection, offering a versatile and sophisticated style that can be dressed up or down. The minimalist design of these hoops with a starfish pendant captures the essence of the ocean, making them a must-have accessory for any ocean lover or beach enthusiast.

Whether you're heading to the beach for a day of relaxation or dressing up for a special occasion, these gold plated earrings will elevate your look with their understated elegance. Pair them with a matching gold plated necklace or bracelet from our collection for a coordinated and chic ensemble.

At our online store, you can shop our full range of gold plated jewelry, including necklaces, bracelets, rings, and more. Our pieces are expertly crafted with attention to detail and quality, ensuring that you receive a beautiful and durable piece of jewelry that will last a lifetime.

Treat yourself or a loved one to the gift of gold plated jewelry, the perfect way to show someone you care. With our easy-to-use size guide, you can ensure you choose the right fit for any occasion. Don't miss out on our sale items and special offers – view our collection today and find the perfect piece to add to your jewelry collection.",,,taxable,1,1,5,0,0,0,,,,,1,,,39.00,Gold Plated Earring,,,"https://static.wixstatic.com/media/438f18_2ff12cf9a59e4099af8ce9ddd61c3247~mv2.jpg,https://static.wixstatic.com/media/438f18_0f3ecebf6f604377bdf107d386873eb9~mv2.jpg,https://static.wixstatic.com/media/438f18_84cf18c978d9421eadece35d86206fa2~mv2.jpg",,,,,,,,,0,default,default,default,30,ramak,1,,1,,"a:1:{i:0;a:3:{s:5:""title"";s:10:""Custom tab"";s:2:""id"";s:10:""custom-tab"";s:7:""content"";s:10:""<p>tab</p>"";}}"
,simple,JDNW2303019,Clovelly Beach Necklace,1,0,visible,"Are you a fan of sleek elegance and refined simplicity? Look no further than the Clovelly Beach Necklace from our Ocean Collection. This stunning stainless steel masterpiece features a Fishbone design, perfect for those who embrace minimalism in their accessories.

The Clovelly Beach Necklace is not only stylish, but also practical. Made from hypoallergenic stainless steel, it is safe for those with sensitive skin. It is also waterproof, making it a versatile piece that you can wear every day without worry. Plus, it is free from nickel and tarnish, ensuring that it will maintain its shine for years to come.

This necklace is a symbol of understated beauty, perfect for those who appreciate clean lines and modern design. Its Fishbone motif adds a touch of sophistication to any outfit, whether you're dressing up for a special occasion or keeping it casual for everyday wear.

If you're looking for a versatile piece of jewelry that will never go out of style, the Clovelly Beach Necklace is the perfect choice. Its minimalistic design makes it easy to pair with any outfit, and its durability ensures that it will be a long-lasting addition to your collection.

Embrace the beauty of simplicity with the Clovelly Beach Necklace. Shop now to add this timeless piece to your jewelry collection.","Are you a fan of sleek elegance and refined simplicity? Look no further than the Clovelly Beach Necklace from our Ocean Collection. This stunning stainless steel masterpiece features a Fishbone design, perfect for those who embrace minimalism in their accessories.

The Clovelly Beach Necklace is not only stylish, but also practical. Made from hypoallergenic stainless steel, it is safe for those with sensitive skin. It is also waterproof, making it a versatile piece that you can wear every day without worry. Plus, it is free from nickel and tarnish, ensuring that it will maintain its shine for years to come.

This necklace is a symbol of understated beauty, perfect for those who appreciate clean lines and modern design. Its Fishbone motif adds a touch of sophistication to any outfit, whether you're dressing up for a special occasion or keeping it casual for everyday wear.

If you're looking for a versatile piece of jewelry that will never go out of style, the Clovelly Beach Necklace is the perfect choice. Its minimalistic design makes it easy to pair with any outfit, and its durability ensures that it will be a long-lasting addition to your collection.

Embrace the beauty of simplicity with the Clovelly Beach Necklace. Shop now to add this timeless piece to your jewelry collection.",,,taxable,1,1,5,0,0,0,,,,,1,,,39.00,Gold Plated Necklace,,,"https://static.wixstatic.com/media/438f18_0b244f03f56d42f293e2c6ab6fb4f4c6~mv2.jpg,https://static.wixstatic.com/media/438f18_a168ffab976d433d859f908331b20969~mv2.jpg,https://static.wixstatic.com/media/438f18_2ec68fb26f704305adda775d45ad097a~mv2.jpg",,,,,,,,,0,default,default,default,30,ramak,1,,1,,"a:1:{i:0;a:3:{s:5:""title"";s:10:""Custom tab"";s:2:""id"";s:10:""custom-tab"";s:7:""content"";s:10:""<p>tab</p>"";}}"
,simple,JDB201496,Sofia's Pearl Splendor,1,0,visible,"Elevate your wrist with our exquisite Luxury 18K Gold Plated Stainless Steel Jewelry Gift Bead Chain Glass Pearl Bracelet. This stunning piece exudes timeless elegance with a modern twist, making it the perfect accessory for women who appreciate classic style with a touch of sophistication.

Crafted from high-quality stainless steel and plated with luxurious 18K gold, this bracelet is designed to stand out and make a statement. The bead chain design adds a unique and stylish flair, while the glass pearls bring a sense of refinement and grace to the piece.

Whether you're dressing up for a special occasion or simply adding a touch of glamour to your everyday look, this bracelet is sure to turn heads and garner compliments. It's the ideal gift for a loved one or a delightful treat for yourself.

Pair this bracelet with our matching gold plated earrings or necklace for a cohesive and polished ensemble. The versatility of this piece allows you to mix and match with other jewelry in your collection, creating endless styling possibilities.

Available in a range of sizes to ensure the perfect fit, our Luxury 18K Gold Plated Stainless Steel Jewelry Gift Bead Chain Glass Pearl Bracelet is a must-have addition to any jewelry lover's collection. Treat yourself or someone special to this exquisite piece and elevate your style to new heights.

Shop now to view our full range of gold plated jewelry and find the perfect pieces to complement your unique style. Experience the luxury of gold without the hefty price tag with our high-quality plated jewelry. Shop with confidence and add a touch of glamour to your look today.","Elevate your wrist with our exquisite Luxury 18K Gold Plated Stainless Steel Jewelry Gift Bead Chain Glass Pearl Bracelet. This stunning piece exudes timeless elegance with a modern twist, making it the perfect accessory for women who appreciate classic style with a touch of sophistication.

Crafted from high-quality stainless steel and plated with luxurious 18K gold, this bracelet is designed to stand out and make a statement. The bead chain design adds a unique and stylish flair, while the glass pearls bring a sense of refinement and grace to the piece.

Whether you're dressing up for a special occasion or simply adding a touch of glamour to your everyday look, this bracelet is sure to turn heads and garner compliments. It's the ideal gift for a loved one or a delightful treat for yourself.

Pair this bracelet with our matching gold plated earrings or necklace for a cohesive and polished ensemble. The versatility of this piece allows you to mix and match with other jewelry in your collection, creating endless styling possibilities.

Available in a range of sizes to ensure the perfect fit, our Luxury 18K Gold Plated Stainless Steel Jewelry Gift Bead Chain Glass Pearl Bracelet is a must-have addition to any jewelry lover's collection. Treat yourself or someone special to this exquisite piece and elevate your style to new heights.

Shop now to view our full range of gold plated jewelry and find the perfect pieces to complement your unique style. Experience the luxury of gold without the hefty price tag with our high-quality plated jewelry. Shop with confidence and add a touch of glamour to your look today.",,,taxable,1,1,2,0,0,0,,,,,1,,,39.00,Gold Plated Earring,,,"https://static.wixstatic.com/media/438f18_783d5ab9ba2b427a96c033794939e878~mv2.jpg,https://static.wixstatic.com/media/438f18_8f21fb3e2e614640abc8a8f31a542ad5~mv2.jpg,https://static.wixstatic.com/media/438f18_72cf1a1bef574f6e892f83491284b85e~mv2.jpg,https://static.wixstatic.com/media/438f18_5e9d85a5526a4752bacc412db39e7093~mv2.jpg",,,,,,,,,0,default,default,default,30,ramak,1,,1,,"a:1:{i:0;a:3:{s:5:""title"";s:10:""Custom tab"";s:2:""id"";s:10:""custom-tab"";s:7:""content"";s:10:""<p>tab</p>"";}}"
,simple,Bracelet one pearl,Suzy Bracelet,1,0,visible,"Elevate your everyday look with our INS 18k Gold Plated Stainless Steel Figaro Chain Bracelets. The exquisite craftsmanship of these bracelets showcases a perfect blend of classic elegance and modern style. The gold plating adds a touch of luxury, making it a versatile piece that can be worn for any occasion.

The addition of the Freshwater Baroque Pearl Bracelet enhances the overall charm of the bracelet, giving it a timeless appeal. The lustrous pearls complement the gold plating beautifully, creating a sophisticated and classy look. Whether you're dressing up for a special event or simply adding a touch of elegance to your everyday outfit, this bracelet is the perfect accessory.

Our INS 18k Gold Plated Stainless Steel Figaro Chain Bracelets are designed to be durable and long-lasting, ensuring that you can enjoy them for years to come. The high-quality materials used in the construction of these bracelets make them a valuable addition to your jewelry collection.

With its adjustable size, this bracelet is suitable for any wrist size, making it a great gift for yourself or a loved one. The timeless design and versatile style make it a must-have accessory for any jewelry lover.

Shop now and add a touch of sophistication to your look with our INS 18k Gold Plated Stainless Steel Figaro Chain Bracelets. Make a statement with the perfect gold plated jewelry that will elevate your style to the next level.","Elevate your everyday look with our INS 18k Gold Plated Stainless Steel Figaro Chain Bracelets. The exquisite craftsmanship of these bracelets showcases a perfect blend of classic elegance and modern style. The gold plating adds a touch of luxury, making it a versatile piece that can be worn for any occasion.

The addition of the Freshwater Baroque Pearl Bracelet enhances the overall charm of the bracelet, giving it a timeless appeal. The lustrous pearls complement the gold plating beautifully, creating a sophisticated and classy look. Whether you're dressing up for a special event or simply adding a touch of elegance to your everyday outfit, this bracelet is the perfect accessory.

Our INS 18k Gold Plated Stainless Steel Figaro Chain Bracelets are designed to be durable and long-lasting, ensuring that you can enjoy them for years to come. The high-quality materials used in the construction of these bracelets make them a valuable addition to your jewelry collection.

With its adjustable size, this bracelet is suitable for any wrist size, making it a great gift for yourself or a loved one. The timeless design and versatile style make it a must-have accessory for any jewelry lover.

Shop now and add a touch of sophistication to your look with our INS 18k Gold Plated Stainless Steel Figaro Chain Bracelets. Make a statement with the perfect gold plated jewelry that will elevate your style to the next level.",,,taxable,1,1,2,0,0,0,,,,,1,,,39.00,Gold Plated Bracelet,,,"https://static.wixstatic.com/media/438f18_35e67f87fddb45baa0811c88e1a77935~mv2.jpg,https://static.wixstatic.com/media/438f18_0c878f536efc4c8584167bb59593841c~mv2.jpg,https://static.wixstatic.com/media/438f18_5352954ff6fc49f28f8817dc1aaae736~mv2.jpg",,,,,,,,,0,default,default,default,30,ramak,1,,1,,"a:1:{i:0;a:3:{s:5:""title"";s:10:""Custom tab"";s:2:""id"";s:10:""custom-tab"";s:7:""content"";s:10:""<p>tab</p>"";}}"
,simple,JDWB2302004,Palm Beach Bracelet,1,0,visible,"Elevate your wrist with the stunning Palm Beach Bracelet from our Ocean Collection. This elegant piece is made from high-quality stainless steel and features a beautiful natural stone, creating a simple yet sophisticated look. The bracelet is hypoallergenic, waterproof, and free from nickel and tarnish, making it perfect for everyday wear.

The Palm Beach Bracelet is the perfect addition to any jewelry collection, adding a touch of natural allure to any ensemble. The sleek design and high-quality materials make it a versatile piece that can be dressed up or down for any occasion. Whether you're heading to a formal event or just running errands, this bracelet is sure to make a statement.

In addition to its beauty, the Palm Beach Bracelet is also durable and long-lasting, ensuring that you can enjoy wearing it for years to come. The natural stone adds a unique touch to the piece, making it a standout accessory that will garner compliments wherever you go.

If you're looking to add a touch of luxury to your jewelry collection, the Palm Beach Bracelet is the perfect choice. Its timeless design and high-quality materials make it a must-have accessory for any fashion-forward individual. Treat yourself or a loved one to this stunning bracelet today and elevate your style to new heights.

Don't miss out on the opportunity to own this exquisite piece of jewelry. Shop now to view our full collection and find the perfect gold plated bracelet for yourself or as a gift for someone special.","Elevate your wrist with the stunning Palm Beach Bracelet from our Ocean Collection. This elegant piece is made from high-quality stainless steel and features a beautiful natural stone, creating a simple yet sophisticated look. The bracelet is hypoallergenic, waterproof, and free from nickel and tarnish, making it perfect for everyday wear.

The Palm Beach Bracelet is the perfect addition to any jewelry collection, adding a touch of natural allure to any ensemble. The sleek design and high-quality materials make it a versatile piece that can be dressed up or down for any occasion. Whether you're heading to a formal event or just running errands, this bracelet is sure to make a statement.

In addition to its beauty, the Palm Beach Bracelet is also durable and long-lasting, ensuring that you can enjoy wearing it for years to come. The natural stone adds a unique touch to the piece, making it a standout accessory that will garner compliments wherever you go.

If you're looking to add a touch of luxury to your jewelry collection, the Palm Beach Bracelet is the perfect choice. Its timeless design and high-quality materials make it a must-have accessory for any fashion-forward individual. Treat yourself or a loved one to this stunning bracelet today and elevate your style to new heights.

Don't miss out on the opportunity to own this exquisite piece of jewelry. Shop now to view our full collection and find the perfect gold plated bracelet for yourself or as a gift for someone special.",,,taxable,1,1,6,0,0,0,,,,,1,,,39.00,Gold Plated Bracelet,,,"https://static.wixstatic.com/media/438f18_0e4233d1db2f4cf99044e6cc86c7569c~mv2.jpg,https://static.wixstatic.com/media/438f18_5254ca29672b427ab7111166bccc517d~mv2.jpg,https://static.wixstatic.com/media/438f18_43a8af29879147ee911356c93e2bf1e6~mv2.jpg",,,,,,,,,0,default,default,default,30,ramak,1,,1,,"a:1:{i:0;a:3:{s:5:""title"";s:10:""Custom tab"";s:2:""id"";s:10:""custom-tab"";s:7:""content"";s:10:""<p>tab</p>"";}}"
,simple,JDEW2307050-1,Naty's Opulent Dream Earrings,1,0,visible,"Indulge in the exquisite allure of our Bead Chain Tassel Elegance earrings, meticulously crafted from 18k PVD gold-plated stainless steel. These stunning earrings are not only hypoallergenic but also waterproof, ensuring both style and comfort for the modern woman on-the-go. The intricate design features a pearl pendant and tassel detail that adds a touch of glamour and sophistication to any outfit.

The perfect blend of fashion and functionality, these earrings are a must-have addition to your jewelry collection. The durable construction of the stainless steel ensures longevity, while the gold plating exudes a luxurious shine that will elevate any look. Whether you're dressing up for a special occasion or adding a touch of elegance to your everyday style, these earrings are the ideal accessory.

The impeccable craftsmanship of the Bead Chain Tassel Elegance earrings is evident in every detail, from the intricate bead chain design to the flawless finish. The versatility of these earrings makes them a versatile option for any outfit, whether you're wearing them to a formal event or simply to add a touch of glamour to your everyday look.

Embrace the beauty of our Bead Chain Tassel Elegance earrings and experience the perfect combination of style and comfort. Shop now and treat yourself to a timeless piece of jewelry that will enhance your wardrobe for years to come. Add these earrings to your collection today and discover the allure of gold-plated jewelry that is both elegant and practical.","Indulge in the exquisite allure of our Bead Chain Tassel Elegance earrings, meticulously crafted from 18k PVD gold-plated stainless steel. These stunning earrings are not only hypoallergenic but also waterproof, ensuring both style and comfort for the modern woman on-the-go. The intricate design features a pearl pendant and tassel detail that adds a touch of glamour and sophistication to any outfit.

The perfect blend of fashion and functionality, these earrings are a must-have addition to your jewelry collection. The durable construction of the stainless steel ensures longevity, while the gold plating exudes a luxurious shine that will elevate any look. Whether you're dressing up for a special occasion or adding a touch of elegance to your everyday style, these earrings are the ideal accessory.

The impeccable craftsmanship of the Bead Chain Tassel Elegance earrings is evident in every detail, from the intricate bead chain design to the flawless finish. The versatility of these earrings makes them a versatile option for any outfit, whether you're wearing them to a formal event or simply to add a touch of glamour to your everyday look.

Embrace the beauty of our Bead Chain Tassel Elegance earrings and experience the perfect combination of style and comfort. Shop now and treat yourself to a timeless piece of jewelry that will enhance your wardrobe for years to come. Add these earrings to your collection today and discover the allure of gold-plated jewelry that is both elegant and practical.",,,taxable,1,1,4,0,0,0,,,,,1,,,44.00,Gold Plated Earring,,,"https://static.wixstatic.com/media/438f18_58e404c896c845d4b5a093d0b2e0a1df~mv2.jpg,https://static.wixstatic.com/media/438f18_6e17894f58e04f7db0679d2a02f4bed1~mv2.jpg,https://static.wixstatic.com/media/438f18_848907bf55424e0e804d19f39ca98725~mv2.jpg",,,,,,,,,0,default,default,default,30,ramak,1,,1,,"a:1:{i:0;a:3:{s:5:""title"";s:10:""Custom tab"";s:2:""id"";s:10:""custom-tab"";s:7:""content"";s:10:""<p>tab</p>"";}}"
,simple,JDE201584,Mary's Enchanted Pearls,1,0,visible,"Elevate your party look with our exquisite Pearl Bliss Huggies. These stunning earrings feature 18k gold-plated stainless steel and freshwater pearl pendants, creating a luxurious and timeless design. The waterproof construction ensures durability, making them perfect for any occasion.

The huggie style of these earrings provides a secure and comfortable fit, making them a must-have in your jewelry collection. Whether you're dressing up for a special event or adding a touch of elegance to your everyday look, these pearl huggies are the perfect accessory.

Stand out and shine bright with these Pearl Bliss Huggies that effortlessly complement your fashion-forward taste. The combination of gold plating and pearls adds a touch of sophistication and style to any outfit. These earrings are versatile enough to be worn with a variety of looks, from casual to formal.

Treat yourself or a loved one to these beautiful Pearl Bliss Huggies. They make a perfect gift for any occasion, whether it's a birthday, anniversary, or holiday celebration. With their classic design and high-quality materials, they are sure to be cherished for years to come.

Add a touch of luxury to your jewelry collection with our Pearl Bliss Huggies. Shop now to add these elegant earrings to your accessory rotation. Upgrade your style with the perfect gold-plated earrings that are sure to make a statement.","Elevate your party look with our exquisite Pearl Bliss Huggies. These stunning earrings feature 18k gold-plated stainless steel and freshwater pearl pendants, creating a luxurious and timeless design. The waterproof construction ensures durability, making them perfect for any occasion.

The huggie style of these earrings provides a secure and comfortable fit, making them a must-have in your jewelry collection. Whether you're dressing up for a special event or adding a touch of elegance to your everyday look, these pearl huggies are the perfect accessory.

Stand out and shine bright with these Pearl Bliss Huggies that effortlessly complement your fashion-forward taste. The combination of gold plating and pearls adds a touch of sophistication and style to any outfit. These earrings are versatile enough to be worn with a variety of looks, from casual to formal.

Treat yourself or a loved one to these beautiful Pearl Bliss Huggies. They make a perfect gift for any occasion, whether it's a birthday, anniversary, or holiday celebration. With their classic design and high-quality materials, they are sure to be cherished for years to come.

Add a touch of luxury to your jewelry collection with our Pearl Bliss Huggies. Shop now to add these elegant earrings to your accessory rotation. Upgrade your style with the perfect gold-plated earrings that are sure to make a statement.",,,taxable,1,1,6,0,0,0,,,,,1,,,49.00,Gold Plated Earring,,,"https://static.wixstatic.com/media/438f18_07d7868cabb44c20b0742ac539f27e80~mv2.jpg,https://static.wixstatic.com/media/438f18_f95f9d3036394ca992c28ecfaf10aee4~mv2.jpg,https://static.wixstatic.com/media/438f18_807bf84094594389a524471aaf14e718~mv2.jpg",,,,,,,,,0,default,default,default,30,ramak,1,,1,,"a:1:{i:0;a:3:{s:5:""title"";s:10:""Custom tab"";s:2:""id"";s:10:""custom-tab"";s:7:""content"";s:10:""<p>tab</p>"";}}"
,simple,JDNW2307016,Coogee Beach Necklace,1,0,visible,"Indulge in the enchanting beauty of the ocean with our Coogee Beach Necklace featuring a stunning Starfish Pendant. This exquisite piece is meticulously crafted from high-quality stainless steel, ensuring durability and long-lasting elegance. The starfish pendant adds a touch of marine grace, making it the perfect accessory for any ocean lover.

Our Coogee Beach Necklace is not only stylish but also practical. It is hypoallergenic, making it suitable for even the most sensitive skin. The waterproof design means you can wear it confidently, whether you're lounging by the pool or taking a dip in the ocean. Additionally, the necklace is nickel and tarnish-free, ensuring that it maintains its shine and beauty for years to come.

This versatile necklace effortlessly complements any outfit, from casual beachwear to elegant evening attire. The timeless beauty and sophistication of the design make it a must-have accessory for any jewelry collection. Whether you're heading to a beachside brunch or a night out on the town, the Coogee Beach Necklace will elevate your look with its understated charm.

Add a touch of luxury to your jewelry collection with our Coogee Beach Necklace. Shop now and experience the allure of the ocean with this exquisite piece. Whether you're treating yourself or looking for the perfect gift for a loved one, this necklace is sure to impress. Elevate your style with the timeless beauty of the Coogee Beach Necklace today.","Indulge in the enchanting beauty of the ocean with our Coogee Beach Necklace featuring a stunning Starfish Pendant. This exquisite piece is meticulously crafted from high-quality stainless steel, ensuring durability and long-lasting elegance. The starfish pendant adds a touch of marine grace, making it the perfect accessory for any ocean lover.

Our Coogee Beach Necklace is not only stylish but also practical. It is hypoallergenic, making it suitable for even the most sensitive skin. The waterproof design means you can wear it confidently, whether you're lounging by the pool or taking a dip in the ocean. Additionally, the necklace is nickel and tarnish-free, ensuring that it maintains its shine and beauty for years to come.

This versatile necklace effortlessly complements any outfit, from casual beachwear to elegant evening attire. The timeless beauty and sophistication of the design make it a must-have accessory for any jewelry collection. Whether you're heading to a beachside brunch or a night out on the town, the Coogee Beach Necklace will elevate your look with its understated charm.

Add a touch of luxury to your jewelry collection with our Coogee Beach Necklace. Shop now and experience the allure of the ocean with this exquisite piece. Whether you're treating yourself or looking for the perfect gift for a loved one, this necklace is sure to impress. Elevate your style with the timeless beauty of the Coogee Beach Necklace today.",,,taxable,1,1,5,0,0,0,,,,,1,,,49.00,Gold Plated Necklace,,,"https://static.wixstatic.com/media/438f18_180e3bd40233465fb7e62bfa4b443cb6~mv2.jpg,https://static.wixstatic.com/media/438f18_4be65dce34bc40909058d8db4d7e90ab~mv2.jpg,https://static.wixstatic.com/media/438f18_d16c5ef8205445a0988c5c4615d88c60~mv2.jpg,https://static.wixstatic.com/media/438f18_23fad311d15047e28eb9afcd33d5bbdb~mv2.jpg",,,,,,,,,0,default,default,default,30,ramak,1,,1,,"a:1:{i:0;a:3:{s:5:""title"";s:10:""Custom tab"";s:2:""id"";s:10:""custom-tab"";s:7:""content"";s:10:""<p>tab</p>"";}}"
,simple,JDNW2307015,Bondi Beach Necklace,1,0,visible,"Indulge in the luxurious charm of our Bondi Beach Necklace, a stunning piece of gold plated jewelry that exudes opulence and sophistication. This exquisite necklace is adorned with a shimmering moissanite stone, adding a touch of glamour to any outfit. Whether you're dressing up for a special occasion or simply want to elevate your everyday style, this chic accessory is the perfect choice.

Crafted with precision and attention to detail, our Bondi Beach Necklace is a timeless piece that will never go out of style. The gold plating adds a rich and elegant finish, making it a versatile addition to your jewelry collection. Pair it with a matching gold plated bracelet or earrings for a coordinated look that will turn heads wherever you go.

The Bondi Beach Necklace is the perfect choice for those who appreciate the finer things in life. Its classic design and high-quality materials make it a must-have accessory for any fashion-forward individual. Whether you're treating yourself or looking for the perfect gift for a loved one, this necklace is sure to impress.

Shop our collection of gold plated necklaces to find the perfect piece to suit your style. From delicate pendant necklaces to bold chain necklaces, we have a variety of options to choose from. Whether you prefer a minimalist look or want to make a statement, we have the right necklace for you.

Don't miss out on our exclusive sale and treat yourself to a piece of luxury with our Bondi Beach Necklace. With its timeless design and impeccable craftsmanship, this necklace is a true investment in style. Add it to your jewelry collection today and elevate your look to new heights.","Indulge in the luxurious charm of our Bondi Beach Necklace, a stunning piece of gold plated jewelry that exudes opulence and sophistication. This exquisite necklace is adorned with a shimmering moissanite stone, adding a touch of glamour to any outfit. Whether you're dressing up for a special occasion or simply want to elevate your everyday style, this chic accessory is the perfect choice.

Crafted with precision and attention to detail, our Bondi Beach Necklace is a timeless piece that will never go out of style. The gold plating adds a rich and elegant finish, making it a versatile addition to your jewelry collection. Pair it with a matching gold plated bracelet or earrings for a coordinated look that will turn heads wherever you go.

The Bondi Beach Necklace is the perfect choice for those who appreciate the finer things in life. Its classic design and high-quality materials make it a must-have accessory for any fashion-forward individual. Whether you're treating yourself or looking for the perfect gift for a loved one, this necklace is sure to impress.

Shop our collection of gold plated necklaces to find the perfect piece to suit your style. From delicate pendant necklaces to bold chain necklaces, we have a variety of options to choose from. Whether you prefer a minimalist look or want to make a statement, we have the right necklace for you.

Don't miss out on our exclusive sale and treat yourself to a piece of luxury with our Bondi Beach Necklace. With its timeless design and impeccable craftsmanship, this necklace is a true investment in style. Add it to your jewelry collection today and elevate your look to new heights.",,,taxable,1,1,6,0,0,0,,,,,1,,,49.00,Gold Plated Earring,,,"https://static.wixstatic.com/media/438f18_30a71c8fa1464da3b3fb7b062c3ea715~mv2.jpg,https://static.wixstatic.com/media/438f18_d2a31c143f5c42938886ecc9b1857474~mv2.jpg",,,,,,,,,0,default,default,default,30,ramak,1,,1,,"a:1:{i:0;a:3:{s:5:""title"";s:10:""Custom tab"";s:2:""id"";s:10:""custom-tab"";s:7:""content"";s:10:""<p>tab</p>"";}}"
,simple,Bracelet pearl,Paloma's Timeless Baroque Link,1,0,visible,"Elevate your style with our exquisite 18K Gold Plated Stainless Steel Baroque Freshwater Pearl Bracelet. This stunning piece features a rectangular link chain bracelet that exudes timeless elegance and sophistication. Crafted with high-quality stainless steel and finished with a luxurious 18K gold plating, this bracelet is a symbol of classic charm.

Whether you are dressing up for a special occasion or simply adding a touch of luxury to your everyday look, this bracelet is the perfect accessory. The lustrous freshwater pearl adds a touch of femininity and grace, making it a versatile piece that can be worn with any outfit.

Our gold plated bracelet is the perfect addition to your jewelry collection. The combination of the classic design and high-quality materials ensures that this bracelet will withstand the test of time and remain a staple in your accessories wardrobe.

This bracelet also makes a thoughtful gift for a loved one. Whether it's a birthday, anniversary, or any other special occasion, this piece is sure to be cherished and treasured. The adjustable size ensures a perfect fit for any wrist, making it a great option for gifting.

Add a touch of luxury to your look with our 18K Gold Plated Stainless Steel Baroque Freshwater Pearl Bracelet. Shop now and elevate your style to the next level.","Elevate your style with our exquisite 18K Gold Plated Stainless Steel Baroque Freshwater Pearl Bracelet. This stunning piece features a rectangular link chain bracelet that exudes timeless elegance and sophistication. Crafted with high-quality stainless steel and finished with a luxurious 18K gold plating, this bracelet is a symbol of classic charm.

Whether you are dressing up for a special occasion or simply adding a touch of luxury to your everyday look, this bracelet is the perfect accessory. The lustrous freshwater pearl adds a touch of femininity and grace, making it a versatile piece that can be worn with any outfit.

Our gold plated bracelet is the perfect addition to your jewelry collection. The combination of the classic design and high-quality materials ensures that this bracelet will withstand the test of time and remain a staple in your accessories wardrobe.

This bracelet also makes a thoughtful gift for a loved one. Whether it's a birthday, anniversary, or any other special occasion, this piece is sure to be cherished and treasured. The adjustable size ensures a perfect fit for any wrist, making it a great option for gifting.

Add a touch of luxury to your look with our 18K Gold Plated Stainless Steel Baroque Freshwater Pearl Bracelet. Shop now and elevate your style to the next level.",,,taxable,1,1,2,0,0,0,,,,,1,,,49.00,Gold Plated Bracelet,,,"https://static.wixstatic.com/media/438f18_4470257b542f419dbb241023a01875c2~mv2.jpg,https://static.wixstatic.com/media/438f18_f45e619fc6b0492db00195fe91e3f167~mv2.jpg,https://static.wixstatic.com/media/438f18_74da5e5db3164d85b2264cbdb710f046~mv2.jpg,https://static.wixstatic.com/media/438f18_5cfc499a02114d45b5501e26964488d9~mv2.jpg",,,,,,,,,0,default,default,default,30,ramak,1,,1,,"a:1:{i:0;a:3:{s:5:""title"";s:10:""Custom tab"";s:2:""id"";s:10:""custom-tab"";s:7:""content"";s:10:""<p>tab</p>"";}}"
,simple,JDE2023297,Bondi Beach Hoops,1,0,visible,"Elevate your style with the Bondi Beach Hoops with Conch Pendant from our Ocean Collection. These stunning gold plated earrings are the perfect accessory for any occasion, whether you're heading to the beach or a fancy evening event. The delicate design of these hoop earrings exudes a sense of beauty and elegance that is sure to turn heads.

Crafted from stainless steel and plated in 18K gold, these earrings are not only stylish but also hypoallergenic, waterproof, and nickel-free, making them suitable for even the most sensitive ears. The timeless design of these earrings makes them a versatile addition to any jewelry collection, perfect for everyday wear or special occasions.

The Bondi Beach Hoops with Conch Pendant are a must-have for anyone who loves gold plated jewelry. The unique conch pendant adds a touch of seaside charm to these already stunning earrings, making them a true statement piece. Whether you're looking for a gift for a loved one or simply want to treat yourself, these earrings are the perfect choice.

Don't miss out on the opportunity to add these beautiful gold plated earrings to your collection. Shop now to find the perfect pair for you or a loved one. With their timeless design and high-quality materials, the Bondi Beach Hoops with Conch Pendant are sure to become a favorite in your jewelry box. Order yours today and elevate your style to the next level.","Elevate your style with the Bondi Beach Hoops with Conch Pendant from our Ocean Collection. These stunning gold plated earrings are the perfect accessory for any occasion, whether you're heading to the beach or a fancy evening event. The delicate design of these hoop earrings exudes a sense of beauty and elegance that is sure to turn heads.

Crafted from stainless steel and plated in 18K gold, these earrings are not only stylish but also hypoallergenic, waterproof, and nickel-free, making them suitable for even the most sensitive ears. The timeless design of these earrings makes them a versatile addition to any jewelry collection, perfect for everyday wear or special occasions.

The Bondi Beach Hoops with Conch Pendant are a must-have for anyone who loves gold plated jewelry. The unique conch pendant adds a touch of seaside charm to these already stunning earrings, making them a true statement piece. Whether you're looking for a gift for a loved one or simply want to treat yourself, these earrings are the perfect choice.

Don't miss out on the opportunity to add these beautiful gold plated earrings to your collection. Shop now to find the perfect pair for you or a loved one. With their timeless design and high-quality materials, the Bondi Beach Hoops with Conch Pendant are sure to become a favorite in your jewelry box. Order yours today and elevate your style to the next level.",,,taxable,1,1,6,0,0,0,,,,,1,,,56.00,Gold Plated Earring,,,"https://static.wixstatic.com/media/438f18_752bdf95422e4473b6e966030f9d3f58~mv2.jpg,https://static.wixstatic.com/media/438f18_864540eb9de447f0883fb36a3b6d0abe~mv2.jpg,https://static.wixstatic.com/media/438f18_3469e28f3e3049f599c70a4eb6b1fa06~mv2.jpg",,,,,,,,,0,default,default,default,30,ramak,1,,1,,"a:1:{i:0;a:3:{s:5:""title"";s:10:""Custom tab"";s:2:""id"";s:10:""custom-tab"";s:7:""content"";s:10:""<p>tab</p>"";}}"
,simple,JDE201799,Julia's Radiant Tassel Hoops,1,0,visible,"Add a touch of elegance to your jewelry collection with our Tassel Temptation Hoops. These stunning hoop earrings are crafted from 18k gold-plated stainless steel, ensuring durability and a luxurious finish. The small pearl tassels add a unique and sophisticated touch to these already beautiful earrings.

Not only are these Tassel Temptation Hoops stylish, but they are also practical. The hypoallergenic design makes them suitable for even the most sensitive ears, while the waterproof feature ensures longevity and ease of maintenance. These earrings are perfect for everyday wear, effortlessly transitioning from day to night with ease.

Whether you're looking for the perfect gold plated earrings to elevate your outfit or searching for a special gift for a loved one, our Tassel Temptation Hoops are the ideal choice. The timeless beauty and contemporary design of these earrings make them a versatile addition to any jewelry collection.

Make a statement with our Tassel Temptation Hoops and experience the perfect blend of sophistication and style. Shop now to add these must-have earrings to your collection or to find the perfect gift for that special someone. Don't miss out on the opportunity to own these exquisite gold-plated earrings that are sure to become a staple in your wardrobe. View our size guide to ensure the right fit for you or your loved one.","Add a touch of elegance to your jewelry collection with our Tassel Temptation Hoops. These stunning hoop earrings are crafted from 18k gold-plated stainless steel, ensuring durability and a luxurious finish. The small pearl tassels add a unique and sophisticated touch to these already beautiful earrings.

Not only are these Tassel Temptation Hoops stylish, but they are also practical. The hypoallergenic design makes them suitable for even the most sensitive ears, while the waterproof feature ensures longevity and ease of maintenance. These earrings are perfect for everyday wear, effortlessly transitioning from day to night with ease.

Whether you're looking for the perfect gold plated earrings to elevate your outfit or searching for a special gift for a loved one, our Tassel Temptation Hoops are the ideal choice. The timeless beauty and contemporary design of these earrings make them a versatile addition to any jewelry collection.

Make a statement with our Tassel Temptation Hoops and experience the perfect blend of sophistication and style. Shop now to add these must-have earrings to your collection or to find the perfect gift for that special someone. Don't miss out on the opportunity to own these exquisite gold-plated earrings that are sure to become a staple in your wardrobe. View our size guide to ensure the right fit for you or your loved one.",,,taxable,1,1,6,0,0,0,,,,,1,,,59.00,Gold Plated Earring,,,"https://static.wixstatic.com/media/438f18_c25a1e964c0a4e1f8f461a4b334b6c93~mv2.jpg,https://static.wixstatic.com/media/438f18_02eb785b3e1349b99eeeee4fa4a254f6~mv2.jpg,https://static.wixstatic.com/media/438f18_b789e658da284787b0f3f270dcf5bd13~mv2.jpg",,,,,,,,,0,default,default,default,30,ramak,1,,1,,"a:1:{i:0;a:3:{s:5:""title"";s:10:""Custom tab"";s:2:""id"";s:10:""custom-tab"";s:7:""content"";s:10:""<p>tab</p>"";}}"
,simple,JDWN2302003,Palm Beach Necklace,1,0,visible,"Introducing the Palm Beach Necklace, a stunning piece of jewelry that combines natural beauty with elegant design. This gold plated necklace is made from durable stainless steel and features captivating natural stones that add a touch of sophistication to any outfit. 

The Palm Beach Necklace is the perfect companion to our Obelisk bracelet, creating a coordinated look that exudes understated elegance. Whether you're dressing up for a special occasion or simply adding a touch of glamour to your everyday style, this necklace is sure to impress.

Not only is the Palm Beach Necklace stylish, but it's also practical. Made from hypoallergenic materials, it's safe for those with sensitive skin. Plus, it's waterproof, nickel-free, and tarnish-resistant, ensuring that it will maintain its beauty for years to come.

This gold plated necklace is a versatile piece that can be dressed up or down, making it a must-have addition to any jewelry collection. Whether you're looking for the perfect gold plated accessory for a night out or a chic everyday piece, the Palm Beach Necklace is the right choice.

Experience the beauty of the Palm Beach Necklace for yourself. Shop now to add this exquisite piece to your jewelry collection or to find the perfect gift for a loved one. With its timeless design and high-quality craftsmanship, this necklace is sure to become a favorite for years to come.","Introducing the Palm Beach Necklace, a stunning piece of jewelry that combines natural beauty with elegant design. This gold plated necklace is made from durable stainless steel and features captivating natural stones that add a touch of sophistication to any outfit. 

The Palm Beach Necklace is the perfect companion to our Obelisk bracelet, creating a coordinated look that exudes understated elegance. Whether you're dressing up for a special occasion or simply adding a touch of glamour to your everyday style, this necklace is sure to impress.

Not only is the Palm Beach Necklace stylish, but it's also practical. Made from hypoallergenic materials, it's safe for those with sensitive skin. Plus, it's waterproof, nickel-free, and tarnish-resistant, ensuring that it will maintain its beauty for years to come.

This gold plated necklace is a versatile piece that can be dressed up or down, making it a must-have addition to any jewelry collection. Whether you're looking for the perfect gold plated accessory for a night out or a chic everyday piece, the Palm Beach Necklace is the right choice.

Experience the beauty of the Palm Beach Necklace for yourself. Shop now to add this exquisite piece to your jewelry collection or to find the perfect gift for a loved one. With its timeless design and high-quality craftsmanship, this necklace is sure to become a favorite for years to come.",,,taxable,1,1,5,0,0,0,,,,,1,,,59.00,Gold Plated Necklace,,,"https://static.wixstatic.com/media/438f18_fa69eaac2e2e4c1a8dc2bc83db20acd1~mv2.jpg,https://static.wixstatic.com/media/438f18_c92ecbc14f3d4a2a9f046b94f7399ab5~mv2.jpg,https://static.wixstatic.com/media/438f18_a2111b7801ab481b8ef62e1d27fac946~mv2.jpg",,,,,,,,,0,default,default,default,30,ramak,1,,1,,"a:1:{i:0;a:3:{s:5:""title"";s:10:""Custom tab"";s:2:""id"";s:10:""custom-tab"";s:7:""content"";s:10:""<p>tab</p>"";}}"
,simple,JDNP791-1,Suzy's Dazzling Double Pearl Choker,1,0,visible,"Add a touch of luxury to your outfit with our Waterproof 18K Gold Plated Stainless Steel Necklace. This stunning Double Layer Freshwater Pearl Choker Necklace is the perfect blend of sophistication and modern design. The timeless elegance of this necklace makes it suitable for any occasion, from casual outings to formal events.

Crafted from high-quality stainless steel and plated with 18K gold, this necklace is not only stylish but also durable and waterproof. The gold plating adds a touch of luxury to the design, making it a standout piece in your jewelry collection. The freshwater pearls on the double layer choker add a classic and elegant touch, perfect for those who appreciate timeless beauty.

Whether you're dressing up for a night out or adding a touch of elegance to your everyday look, this necklace is the perfect choice. The adjustable chain allows you to customize the fit to your liking, ensuring comfort and style all day long. 

This Waterproof 18K Gold Plated Stainless Steel Necklace is the perfect gift for yourself or a loved one. Its versatility and timeless design make it a great addition to any jewelry collection. Shop now and add a touch of luxury to your outfit with this beautiful necklace.","Add a touch of luxury to your outfit with our Waterproof 18K Gold Plated Stainless Steel Necklace. This stunning Double Layer Freshwater Pearl Choker Necklace is the perfect blend of sophistication and modern design. The timeless elegance of this necklace makes it suitable for any occasion, from casual outings to formal events.

Crafted from high-quality stainless steel and plated with 18K gold, this necklace is not only stylish but also durable and waterproof. The gold plating adds a touch of luxury to the design, making it a standout piece in your jewelry collection. The freshwater pearls on the double layer choker add a classic and elegant touch, perfect for those who appreciate timeless beauty.

Whether you're dressing up for a night out or adding a touch of elegance to your everyday look, this necklace is the perfect choice. The adjustable chain allows you to customize the fit to your liking, ensuring comfort and style all day long. 

This Waterproof 18K Gold Plated Stainless Steel Necklace is the perfect gift for yourself or a loved one. Its versatility and timeless design make it a great addition to any jewelry collection. Shop now and add a touch of luxury to your outfit with this beautiful necklace.",,,taxable,1,1,4,0,0,0,,,,,1,,,59.00,Gold Plated Necklace,,,"https://static.wixstatic.com/media/438f18_372b4c6249e74c1b8c43caa6cbf65201~mv2.jpg,https://static.wixstatic.com/media/438f18_fa2723391db44404bdda6fda8494fe44~mv2.jpg,https://static.wixstatic.com/media/438f18_c5742c25a0554500a2c30544efc5a9a0~mv2.jpg",,,,,,,,,0,default,default,default,30,ramak,1,,1,,"a:1:{i:0;a:3:{s:5:""title"";s:10:""Custom tab"";s:2:""id"";s:10:""custom-tab"";s:7:""content"";s:10:""<p>tab</p>"";}}"
,simple,JDEW2305028-GN,Palm Beach Earrings,1,0,visible,"Indulge in the luxurious beauty of our Palm Beach Earrings, a stunning addition to our Ocean Collection. These exquisite earrings are crafted with 18K gold-plated stainless steel, ensuring a high-quality piece that radiates elegance. The combination of turquoise and lapis lazuli stones captures the vibrant hues of the ocean, making these earrings a true statement piece.

Not only are these earrings visually striking, but they also offer practical benefits. Hypoallergenic and waterproof, they are suitable for everyday wear without the worry of irritation or tarnishing. The nickel-free and tarnish-free design ensures long-lasting beauty, making these earrings a timeless addition to your jewelry collection.

Whether you're dressing up for a special occasion or adding a touch of sophistication to your everyday look, the Palm Beach Earrings are the perfect choice. The intricate detailing and exquisite craftsmanship make these earrings a versatile accessory that can be paired with a variety of outfits.

The Palm Beach Earrings are available in a range of sizes to suit your individual style, making them a perfect gift for yourself or a loved one. Elevate your jewelry collection with these stunning earrings that embody the beauty of the ocean.

Experience the beauty and elegance of our Palm Beach Earrings today. Shop now to view our full range of gold-plated jewelry and find the perfect piece to complement your style.","Indulge in the luxurious beauty of our Palm Beach Earrings, a stunning addition to our Ocean Collection. These exquisite earrings are crafted with 18K gold-plated stainless steel, ensuring a high-quality piece that radiates elegance. The combination of turquoise and lapis lazuli stones captures the vibrant hues of the ocean, making these earrings a true statement piece.

Not only are these earrings visually striking, but they also offer practical benefits. Hypoallergenic and waterproof, they are suitable for everyday wear without the worry of irritation or tarnishing. The nickel-free and tarnish-free design ensures long-lasting beauty, making these earrings a timeless addition to your jewelry collection.

Whether you're dressing up for a special occasion or adding a touch of sophistication to your everyday look, the Palm Beach Earrings are the perfect choice. The intricate detailing and exquisite craftsmanship make these earrings a versatile accessory that can be paired with a variety of outfits.

The Palm Beach Earrings are available in a range of sizes to suit your individual style, making them a perfect gift for yourself or a loved one. Elevate your jewelry collection with these stunning earrings that embody the beauty of the ocean.

Experience the beauty and elegance of our Palm Beach Earrings today. Shop now to view our full range of gold-plated jewelry and find the perfect piece to complement your style.",,,taxable,1,1,5,0,0,0,,,,,1,,,79.00,Gold Plated Earring,,,"https://static.wixstatic.com/media/438f18_c49966ad51e54e82a18d92c1abbdfc03~mv2.jpg,https://static.wixstatic.com/media/438f18_67b64b18f94e432196a751a5fc85fa75~mv2.jpg,https://static.wixstatic.com/media/438f18_328246cd470f4497a323022ae638c112~mv2.jpg",,,,,,,,,0,default,default,default,30,ramak,1,,1,,"a:1:{i:0;a:3:{s:5:""title"";s:10:""Custom tab"";s:2:""id"";s:10:""custom-tab"";s:7:""content"";s:10:""<p>tab</p>"";}}"
